<?xml version="1.0" encoding="UTF-8"?>
<project-private xmlns="http://www.netbeans.org/ns/project-private/1">
    <editor-bookmarks xmlns="http://www.netbeans.org/ns/editor-bookmarks/2" lastBookmarkId="0"/>
    <open-files xmlns="http://www.netbeans.org/ns/projectui-open-files/2">
        <group>
            <file>file:/C:/Users/Gowtham/Documents/NetBeansProjects/p1/src/p1/Simulation.java</file>
            <file>file:/C:/Users/Gowtham/Documents/NetBeansProjects/p1/src/p1/AuctionServer.java</file>
            <file>file:/C:/Users/Gowtham/Documents/NetBeansProjects/p1/src/p1/Item.java</file>
            <file>file:/C:/Users/Gowtham/Documents/NetBeansProjects/p1/src/p1/Client.java</file>
            <file>file:/C:/Users/Gowtham/Documents/NetBeansProjects/p1/src/p1/Bidder.java</file>
            <file>file:/C:/Users/Gowtham/Documents/NetBeansProjects/p1/src/p1/Seller.java</file>
        </group>
    </open-files>
</project-private>
